<?xml version="1.0" encoding="UTF-8"?>
<metadata xml:lang="pt"><Esri><CreaDate>20101126</CreaDate><CreaTime>19090200</CreaTime><ArcGISFormat>1.0</ArcGISFormat><SyncOnce>TRUE</SyncOnce><DataProperties><lineage><Process ToolSource="C:\Arquivos de programas\ArcGIS\Desktop10.0\ArcToolbox\Toolboxes\Data Management Tools.tbx\CalculateField" Date="20101126" Time="190902">CalculateField Aerodromos COD_ICAO2 [COD_ICAO] VB #</Process><Process ToolSource="C:\Arquivos de programas\ArcGIS\Desktop10.0\ArcToolbox\Toolboxes\Data Management Tools.tbx\CalculateField" Date="20101126" Time="190928">CalculateField Aerodromos COD_ICAO [COD_ICAO2] VB #</Process><Process ToolSource="C:\Arquivos de programas\ArcGIS\Desktop10.0\ArcToolbox\Toolboxes\Data Management Tools.tbx\CalculateField" Date="20101126" Time="191015">CalculateField Aerodromos GEOCODIG_1 [GEOCODIGO] VB #</Process><Process ToolSource="C:\Arquivos de programas\ArcGIS\Desktop10.0\ArcToolbox\Toolboxes\Data Management Tools.tbx\CalculateField" Date="20101126" Time="191100">CalculateField Aerodromos GEOCODIGO [GEOCODIG_1] VB #</Process></lineage></DataProperties></Esri></metadata>
